state,fraud_state_pct,fraud_sales
DE,100.0,9
RI,2.013422818791946,15
AK,1.6874789065136686,50
OR,0.7459860648288398,197
NH,0.673659077342884,79
